ID,employeeId,firstName,lastName,email,phone,designation,salary,joiningDate,status,department_ID
aaaaaaaa-aaaa-aaaa-aaaa-aaaaaaaaaaaa,EMP001,Rahul,Sharma,rahul.sharma@company.com,9876543210,Software Engineer,75000.00,2023-01-15,ACTIVE,22222222-2222-2222-2222-222222222222
bbbbbbbb-bbbb-bbbb-bbbb-bbbbbbbbbbbb,EMP002,Priya,Reddy,priya.reddy@company.com,9876543211,HR Executive,55000.00,2022-08-10,ACTIVE,11111111-1111-1111-1111-111111111111
cccccccc-cccc-cccc-cccc-cccccccccccc,EMP003,Amit,Kumar,amit.kumar@company.com,9876543212,Finance Analyst,65000.00,2021-05-20,ACTIVE,33333333-3333-3333-3333-333333333333
dddddddd-dddd-dddd-dddd-dddddddddddd,EMP004,Sneha,Iyer,sneha.iyer@company.com,9876543213,Sales Manager,90000.00,2020-11-05,ACTIVE,44444444-4444-4444-4444-444444444444
eeeeeeee-eeee-eeee-eeee-eeeeeeeeeeee,EMP005,Arjun,Patel,arjun.patel@company.com,9876543214,Operations Lead,85000.00,2019-07-18,ACTIVE,55555555-5555-5555-5555-555555555555
ffffffff-ffff-ffff-ffff-ffffffffffff,EMP006,Neha,Gupta,neha.gupta@company.com,9876543215,UI5 Developer,80000.00,2024-02-12,ACTIVE,22222222-2222-2222-2222-222222222222
11111111-aaaa-bbbb-cccc-111111111111,EMP007,Karan,Singh,karan.singh@company.com,9876543216,CAPM Developer,85000.00,2023-09-01,ACTIVE,22222222-2222-2222-2222-222222222222
22222222-aaaa-bbbb-cccc-222222222222,EMP008,Ananya,Das,ananya.das@company.com,9876543217,Recruiter,50000.00,2024-01-10,PROBATION,11111111-1111-1111-1111-111111111111
33333333-aaaa-bbbb-cccc-333333333333,EMP009,Vikram,Nair,vikram.nair@company.com,9876543218,Accountant,60000.00,2022-06-25,ON_LEAVE,33333333-3333-3333-3333-333333333333
44444444-aaaa-bbbb-cccc-444444444444,EMP010,Pooja,Joshi,pooja.joshi@company.com,9876543219,Sales Executive,55000.00,2023-04-17,RESIGNED,44444444-4444-4444-4444-444444444444